Ticker,Price Change (%)
A,0.278
AA,3.796
AAN,0.301
AAT,0.045
AAV,
AB,1.074
ABB,
ABBV,-1.277
ABC,
ABM,0.358
ABR,1.031
ABR-PA,
ABR-PB,
ABT,-0.843
ABV,
ABV.C,
ABW-PB,
ABX,
ACE,
ACG,
ACH,
ACI,0.101
ACM,1.553
ACMP,
ACN,0.632
ACO,
ACP,-0.746
ACRE,0.597
ACT,-0.772
ACTV,0.282
ACW,
ADC,0.113
ADM,0.901
ADS,
ADT,0.271
ADX,0.929
AEB,
AEC,
AED,
AEE,-1.315
AEF,1.13
AEG,1.768
AEH,
AEK,
AEL,
AEM,3.624
AEO,-0.31
AEP,-0.068
AER,-0.276
AES,2.054
AES-PC,
AET,
AEV,
AF,
AFA,
AFB,0.633
AFC,
AFG,-1.545
AFL,-0.38
AFM,
AFQ,
AFSD,
AFT,0.821
AFW,
AG,6.496
AGC,
AGCO,0.656
AGD,0.511
AGI,3.207
AGM,-0.613
AGM-A,0.0
AGM.A,
AGN,
AGO,0.932
AGO-PF,
AGO-E,
AGO-F,
AGRO,0.305
AGU,
AH,
AHC,
AHH,-0.635
AHL,
AHL-PA,
AHL-PC,0.458
AHL-C,
AHS,
AHT,10.227
AHT-PA,
AHT-PD,0.0
AI,1.673
AIB,0.0
AIF,1.085
AIG,-0.239
AIG-WT,
AIN,0.036
AIR,-0.056
AIT,-0.302
AIV,-2.012
AIV-Z,
AIW,
AIY,
AIZ,-1.158
AJG,0.24
AKO.A,
AKO.B,
AKP,
AKR,0.0
AKS,
AL,1.878
ALB,3.122
ALDW,
ALE,0.422
ALEX,-0.769
ALG,0.446
ALJ,
ALK,1.41
ALL,-0.462
ALL-A,
ALL-B,
ALP-N,
ALP-O,
ALP-P,
ALR,
ALR-B,
ALSN,1.267
ALU,
ALV,1.127
ALX,2.407
AM,0.135
AMD,-0.25
AME,0.12
AMG,-0.823
AMH,-0.08
AMID,0.24
AMP,0.03
AMP-A,
AMRC,0.892
AMRE,
AMT,1.311
AMT-A,
AMTD,0.917
AMTG,
AMX,2.062
AN,-0.797
ANF,-1.969
ANFI,
ANH,
ANH-A,
ANH-B,
ANN,
ANR,
ANW,
AOD,0.831
AOI,
AOL,
AON,-0.271
AOS,0.185
AP,0.0
APA,0.238
APA-D,
APAM,0.945
APB,
APC,
APD,0.797
APF,
APH,0.34
APL,
APO,-0.2
APU,
ARB,0.226
ARC,2.055
ARDC,1.407
ARE,0.026
ARE-E,
ARG,
ARH-C,
ARI,-0.102
ARI-A,
ARK,
ARL,-4.348
ARN,
ARO,
ARP,0.628
ARPI,
ARR,0.154
ARR-A,
ARR-B,
ARSD,
ARU,
ARW,0.159
ARX,
ARY,
ASA,4.602
ASC,-1.07
ASG,0.374
ASGN,0.298
ASH,0.943
ASI,
ASP,
ASR,1.213
ASX,1.906
AT,
ATE,
ATHL,
ATI,2.719
ATK,
ATLS,
ATO,-1.167
ATR,0.584
ATU,
ATV,
ATW,
AU,2.155
AU-A,
AUO,
AUQ,
AUY,
AV,
AVA,-0.236
AVB,-1.592
AVD,0.719
AVG,
AVIV ,0.984
AVK,-0.504
AVP,
AVT,0.551
AVV,
AVX,
AVY,0.795
AWC,
AWF,0.0
AWH,-8.738
AWI,0.579
AWK,-0.389
AWP,-1.579
AWR,-1.31
AXE,
AXL,0.576
AXLL,
AXP,-0.11
AXR,2.041
AXS,-1.027
AXS-C,
AXS-D,
AYI,-0.176
AYN,
AYR,
AZN,-0.247
AZO,-0.875
AZZ,1.712
BCA,
BCC,1.398
BCE,0.447
BCEI,
BCF,
BCH,3.042
BCO,0.73
BCR,
BCS,2.663
BCS-A,
BCS-C,
BCS-D,
BCS.P,
BCX,0.974
BDC,0.468
BDJ,0.487
BDN,-2.217
BDN-E,
BDX,-0.174
BEAM,4.032
BEE,
BEE-A,
BEE-B,
BEE-C,
BEN,0.945
BEP,2.298
BERY,1.268
BF.A,
BF.B,
BFAM,1.794
BFK,0.394
BFR,
BFS,-0.731
BFS-A,
BFS-C,
BFZ,
BG,
BGB,
BGC,
BGCA,
BGE-B,
BGG,
BGH,
BGR,
BGS,
BGT,
BGX,
BGY,
BH,
BHD,
BHE,
BHI,
BHK,
BHL,
BHLB,
BHP,
BHY,
BID,
BIE,
BIF,
BIG,
BIN,
BIO,
BIO.B,
BIOA,
BIP,
BIT,
BITA,
BJZ,
BK,
BK-C,
BKD,
BKE,
BKH,
BKI,
BKK,
BKN,
BKS,
BKT,
BKU,
BKW,
BLC,
BLH,
BLK,
BLL,
BLOX,
BLT,
BLW,
BLX,
BMA,
BME,
BMI,
BML-G,
BML-H,
BML-I,
BML-L,
BMO,
BMR,
BMS,
BMY,
BNA,
BNJ,
BNNY,
BNS,
BNY,
BOE,
BOH,
BOI,
BORN,
BOXC,
BP,
BPI,
BPK,
BPL,
BPO,
BPT,
BPY,
BPZ,
BQH,
BQR,
BR,
BRC,
BRE,
BRE-D,
BRFS,
BRK.A,
BRK.B,
BRO,
BRP,
BRS,
BRSS,
BRT,
BRY,
BSAC,
BSBR,
BSD,
BSE,
BSI,
BSL,
BSMX,
BSP,
BSX,
BT,
BTA,
BTE,
BTF,
BTH,
BTO,
BTT,
BTU,
BTZ,
BUD,
BUI,
BVN,
BWA,
BWC,
BWG,
BWP,
BXC,
BXMT,
BXP,
BXP-B,
BXS,
BXS-A,
BYD,
BYI,
BYM,
BZ,
BZH,
BZT,
BZU,
C,
C-C,
C-E,
C-N,
C-P,
C-Q,
C-R,
C-S,
C.A,
C.B,
CAB,
CACI,
CAE,
CAF,
CAG,
CAH,
CAJ,
CALX,
CAM,
CAP,
CAS,
CAT,
CATO,
CB,
CBA,
CBB,
CBB-B,
CBD,
CBG,
CBI,
CBK,
CBL,
CBL-D,
CBL-E,
CBM,
CBO,
CBR,
CBS,
CBS.A,
CBT,
CBU,
CBX,
CBZ,
CCC,
CCE,
CCG,
CCG-A,
CCH,
CCI,
CCJ,
CCK,
CCL,
CCM,
CCO,
CCSC,
CCU,
CCV,
CCZ,
CDE,
CDE.W,
CDI,
CDR,
CDR-B,
CE,
CEA,
CEB,
CEC,
CEE,
CEM,
CEO,
CF,
CFC-A,
CFC-B,
CFI,
CFN,
CFR,
CFR-A,
CFX,
CGA,
CGG,
CGI,
CGX,
CHA,
CHC,
CHC.W,
CHD,
CHE,
CHH,
CHK,
CHK-D,
CHKR,
CHL,
CHMT,
CHN,
CHS,
CHS-A,
CHSP,
CHT,
CHU,
CI,
CIA,
CIB,
CIE,
CIF,
CIG,
CIG.C,
CII,
CIM,
CIR,
CIS,
CIT,
CJES,
CKH,
CKP,
CL,
CLB,
CLC,
CLD,
CLDT,
CLF,
CLGX,
CLH,
CLI,
CLN-A,
CLNY,
CLP,
CLR,
CLS,-0.239
CLV,
CLW,0.684
CLX,-0.816
CM,0.916
CMA,-1.506
CMA.W,
CMC,0.057
CMG,0.293
CMI,1.693
CMK,
CMLP,
CMN,
CMO,
CMO-E,
CMP,5.237
CMRE,1.861
CMS,-0.17
CMS-B,
CMU,0.291
CAN,0.0
CNC,0.861
CNCO,
CNH,1.744
CNI,1.284
CNK,-0.28
CNL,
CNO,-0.889
CNP,-0.427
CNQ,0.944
CNS,0.473
CNW,
CNX,0.854
CO,
CODE,
CODI,0.229
COF,-1.466
COF-P,
COF.W,
COG,
COH,
COL,
COLE,
COO,-1.156
COP,0.57
COR,-0.004
COR-A,
CORR,
COT,
COTY,-0.307
COV,
COY,
CP,2.346
CPA,-0.795
CPAC,0.0
CFB,-1.889
CPE,
CPE-A,
CPF,-1.869
CPK,-0.806
CPL,
CPN,
CPT,-1.313
CQB,
CR,1.034
CRD.A,
CRD.B,
CRH,1.804
CRI,0.488
CRK,3.409
CRL,-0.03
CRM,1.858
CRR,
CRS,1.245
CRT,-1.915
CRY,
CS,
CSC,
CSE,
CSFS,
CSG,
CSH,
CSI,
CSL,0.836
CSP,
CSS,
CST,
CSTM,0.0
CSU,
CSV,-0.767
CSX,-0.622
CTB,
CTC,
CTL,
CTQ,
CTR,1.892
CTS,1.177
CTU,
CTW,
CTX,
CTY,
CTZ-A,
CUB,
CUB-A,
CUBE,0.591
CUK,-0.618
CUZ,-0.87
CUZ-B,
CVA,
CVB,
CVC,
CVD,
CVE,-0.396
CVG,1.93
CVI,1.412
CVO,
CVRR,
CVS,-1.426
CVT,
CVX,-0.026
CW,0.221
CWH,1.395
CWH-D,
CWH-E,
CWHN,
CWHO,
CWHO,
CWT,-1.014
CWZ,
CX,0.651
CXE,1.081
CXH,0.381
CXO,
CXW,-1.917
CYD,-1.749
CYE,
CYH,-1.749
CYN,5.882
CYN-C,
CYNI,
CYS,
CYS-A,
CYS-B,
CYT,
CZZ,
D,1.38
DAC,1.193
DAL,1.456
DAN,1.011
DANG,
DAR,-0.645
DATA,
DB,3.778
DBD,2.987
DBL,0.651
DCA,
DCE,
DCI,0.324
DCM,
DCO,0.258
DCT,
DCUA,
DCUB,
DD,-0.214
DD-A,
DD-B,
DDC,7.667
DDD,2.373
DDE,
DDF,
DDR,
DDR-H,
DDR-J,
DDR-K,
DDS,1.292
DDT,0.309
DE,-0.592
DEG,
DEI,0.597
DEL,
DEO,1.704
DEX,
DF,
DFP,0.574
DFS,-1.108
DFS-B,
DFT,
DFT-A,
DFT-B,
DG,-3.12
DGI,
DGX,3.118
DHF,0.0
DHG,
DHI,0.606
DHR,-0.171
DHT,0.352
DHX,1.339
DIN,-1.043
DIS,0.633
DK,-0.324
DKL,1.097
DKS,0.974
DKT,
DL,
DLB,-0.436
DLPH,
DLR,-0.785
DLR-E,
DLR-F,
DLR-G,
DLX,0.453
DM,21.296
DM-B,
DMB,0.665
DMD,
DMO,0.501
DNB,-0.325
DNI,
DNP,-0.121
DNR,
DNY,
DO,0.195
DOC,-0.256
DOLE,0.325
DOM,
DOV,0.006
DOW,0.323
DOX,-1.624
DPD,
DPG,0.922
DPM,
DPO,
DPS,
DPZ,0.958
DQ,7.981
DRC,
DRD,5.006
DRE,
DRE-J,
DRE-K,
DRE-L,
DRH,0.0
DRI,-0.92
DRL,
DRQ,1.752
DRU,
DSL,0.717
DSM,0.0
DST,
DSU,-0.274
DSW,
DSX,0.342
DTE,-0.146
DTF,0.455
DTK,
DTQ,
DTT,
DTZ,
DUA,
DUC,
DUK,0.03
DUKH,
DV,1.569
DVA,-0.361
DVD,
DVM,
DVN,0.712
DVR,
DW,
DWRE,
DX,-0.085
DX-A,
DX-B,
DXB,
DY,2.992
DYN,-1.616
DYN.W,
E,
EAA,
EAB,
EAE,
EARN,
EAT,
EBF,
EBR,
EBR.B,
EBS,
EC,
ECA,
ECL,
ECOM,
ECT,
ED,
EDD,
EDE,
EDF,
EDG,
EDI,
EDN,
EDT,
EDU,
EE,
EEA,
EEP,
EEQ,
EFC,
EFF,
EFM,
EFR,
EFT,
EFX,
EGF,
EGL,
EGN,
EGO,
EGP,
EGY,
EHI,
EIG,
EIX,
EJ,
EL,
ELA,
ELB,
ELJ,
ELLI,
ELN,
ELP,
ELS,
ELS-C,
ELU,
ELX,
ELY,
EMC,
EMD,
EME,
EMES,
EMF,
EMN,
EMO,
EMQ,
EMR,
EMZ,
ENB,
END,
ENH,
ENH-A,
ENH-B,
ENI,
ENJ,
ENL,
ENR,
ENS,
ENV,
ENZ,
EOC,
EOD,
EOG,
EOI,
EOS,
EOT,
EP-C,
EPAM,
EPB,
EPD,
EPL,
EPR,
EPR-C,
EPR-E,
EPR-F,
EQM,
EQR,
EQS,
EQT,
EQU,
EQY,
ERA,
ERF,
ERJ,
ESC,
ESD,
ESE,
ESI,
ESL,
ESS,
ESS-H,
ESV,
ETB,
ETE,
ETG,
ETH,
ETJ,
ETM,
ETN,
ETO,
ETP,
ETR,
ETV,
ETW,
ETX,
ETY,
EV,
EVC,
EVER,
EVF,
EVG,
EVHC,
EVN,
EVR,
EVT,
EVTC,
EW,
EXAM,
EXAR,
EXC,
EXD,
EXG,
EXH,
EXK,
EXL,
EXL-B,
EXP,
EXP,
EXPR,
EXR,
F,
FAC,
FAF,
FAM,
FAV,
FBC,
FBHS,
FBN,
FBP,
FBR,
FBS-A,
FC,
FCE.A,
FCE.B,
FCF,
FCH,
FCH-A,
FCH-C,
FCN,
FCS,
FCT,
FCX,
FCY,
FDI,
FDO,
FDP,
FDS,
FDX,
FE,
FEI,
FENG,
FEO,
FET,
FF,
FFA,
FFC,
FGB,
FHN,
FHN-A,
FHY,
FI,
FICO,
FIF,
FIG,
FII,
FIO,
FID,
FIX,
FL,
FLC,
FLO,
FLR,
FLS,
FLT,
FLTX,
FLY,
FMC,
FMD,
FMN,
FMO,
FMS,
FMX,
FMY,
FN,
FNB,
FNF,
FNF-B,
FNP,
FNV,
FOE,
FOF,
FOR,
FPF,
FPO,
FPO-A,
FPT,
FR,
FRA,
FRC,
FRC-A,
FRC-B,
FRC-C,
FRC-D,
FRF,
FRM,
FRO,
FRT,
FRX,
FSCE,
FSD,
FSL,
FSM,
FSS,
FST,
FT,
FTI,
FTK,
FTT,
FUL,
FUN,
FUR,
FUR-D,
FVE,
FXCM,
G,
GA,
GAB,
GAB-D,
GAB-G,
GAB-H,
GAM,
GAM-B,
GAS,
GAT,
GB,
GBAB,
GBL,
GBX,
GCA,
GCAP,
GCH,
GCI,
GCO,
GCV,
GCV-B,
GD,
GDF,
GDI,
GDL,
GDL-B,
GDO,
GDOT,
GDP,
GDP-C,
GDP-D,
GDV,0.44
GDV-A,
GDV-D,
GE,0.96
GE-A,
GEB,
GEF,0.776
GEF.B,
GEH,
GEK,
GEL,0.346
GEO,-1.962
GEQ,
GES,0.603
GF,0.739
GFA,
GFF,-2.163
GFI,2.343
GFIG,
GFY,
GG,
GGB,2.761
GGE,
GGG,0.636
GGM,0.266
GGP,
GGP-A,
GGS,
GGT,-1.316
GGT-B,
GHI,-0.136
GHL,
GHY,0.667
GIB,0.799
GIL,1.208
GIM,
GIMO,
GIS,-0.142
GJH,0.215
GJJ,
GJK,
GJM,
GJO,0.0
GJP,-0.437
GJR,1.548
GJS,0.134
GJT,-0.312
GJV,
GKM,
GLF,
GLOG,
GLP,0.639
GLT,2.878
GLW,0.078
GM,-0.511
GM-B,
GM.A,
GM.B,
GMA,
GME,1.626
GMED,0.838
GMK,
GMT,
GNC,
GNE,0.0
GNE-A,
GNI,
GNK,0.914
GNRC,0.532
GNT,1.625
GNW,-1.471
GOF,0.668
GOL,
GOM,
GOV,
GPC,-1.912
GPE-A,
GPI,-0.031
GPK,-0.696
GPM,
GPN,-0.515
GPS,3.826
GPT,
GPT-A,
GPX,
GRA,
GRAM,-1.333
GRO,
GRP.U,
GRR,
GRT,
GRT-G,
GRT-H,
GRT-I,
GRX,0.213
GRX-A,
GS,0.496
GS-A,
GS-B,
GS-C,
GS-D,
GS-I,
GS-J,
GSE,
GSF,
GSH,
GSI,
GSJ,
GSK,0.654
GSL,1.001
GTI,-0.913
GTN,1.183
GTN.A,
GTS,
GTY,0.489
GUA,
GUT,-0.499
GUT-A,
GVA,1.849
GWAY,
GWR,
GWRE,0.231
GWRU,
GWW,-0.268
GXP,
GXP-A,
GXP-D,
GXP-E,
GY,
GYB,
GYC,
GZT,
H,0.518
HAE,1.288
HAL,0.476
HAR,
HASI,1.045
HAV,
HBA-D,
HBA-F,
HBA-G,
HBA-H,
HBA-Z,
HBC,
HBC-A,
HBI,-0.417
HBM,4.253
HCA,2.143
HCC,0.645
HCI,-2.017
HCJ,
HCLP,
HCN,
HCN-I,
HCN-J,
HCP,0.387
HCS,
HCS-B,
HD,-0.397
HDB,-0.493
HDY,
HE,-0.235
HE-U,
HEI,1.74
HEI.A,
HEP,
HEQ,0.581
HES,0.188
HF,0.154
HFC,
HGG,
HGH,
HGR,
HGT,
HHC,
HHS,1.619
HHY,
HI,1.568
HIG,-0.41
HIG.W,
HIH,
HII,-0.55
HIL,
HIO,0.26
HIS,
HIW,0.568
HIX,0.0
HJJ,
HJN,
HJR,
HJV,
HK,
HL,5.714
HL-B,
HLF,1.883
HLS,
HLX,0.5
HMA,
HMC,0.247
HME,
HMH,
HMN,-1.108
HMY,2.295
HNI,-0.708
HNP,
HNR,
HNT,
HOG,1.439
HON,-0.361
HOS,
HOT,
HOV,1.03
HOVU,
HP,0.981
HPF,-0.058
HPI,-0.119
HPP,2.637
HPP-B,
HPQ,0.144
HPS,0.441
HPT,
HPT-D,
HPY,
HQH,-0.227
HQL,0.35
HR,1.95
HRB,1.579
HRC,
HRG,
HRL,-1.015
HRS,
HSA,
HSB-B,
HSC,
HSH,
HSP,
HST,0.17
HSY,-0.487
HT,
HT-B,
HT-C,
HTA,
HTD,1.286
HTF,
HTGC,1.388
HTGY,
HTGZ,
HTH,-1.201
HTR,
HTS,
HTS-A,
HTSI,
HTY,
HTZ,-3.315
HUB.A,
HUB.B,
HUM,
HUN,
HVB,
HVT,
HVT.A,
HW,
HXL,
HXM,
HY,
HYB,
HYF,
HYI,
HYL,
HYT,
HYV,
HZO,
I,
I-A,
IAE,
IAG,
IBA,
IBM,
IBN,
ICA,
ICB,
ICE,
IDA,
IDE,
IDG,
IDT,
IDT.P,
IEH,
IEX,
IFF,
IFN,
IFT,
IGA,
IGD,
IGI,
IGK,
IGR,
IGT,
IHC,
IHD,
IHG,
IHS,
IID,
IIF,
IIM,
IL,
IM,
IMAX,
IMF,
IMN,
IMPV,
IN,
INB,
IND,
INF,
INFY,
ING,
INGR,
INN,
INN-A,
INN-B,
INN-C,
INT,
INVN,
INXN,
INZ,
IO,
IOC,
IP,
IPG,
IPHI,
IPI,
IPL-D,
IQI,
IR,
IRC,
IRC-A,
IRE,
IRE-B,
IRET,
IRF,
IRL,
IRM,
IRR,
IRS,
ISD,
ISF,
ISG,
ISH,
ISH-A,
ISH-B,
ISP,
ISS,
IT,
ITC,
ITG,
ITT,
ITUB,
ITW,
IVC,
IVH,
IVR,
IVR-A,
IVZ,
IX,
JAH,
JBI,
JBJ,
JBK,
JBL,
JBN,
JBO,
JBR,
JBT,
JCE,
JCI,
JCP,
JDD,
JE,
JEC,
JEQ,
JFC,
JFR,
JGG,
JGT,
JGV,
JHI,
JHP,
JHS,
JHX,
JKS,
JLA,
JLL,
JLS,
JMF,
JMI,
JMP,
JMPB,
JMT,
JNJ,
JNPR,
JNS,
JNY,
JOE,
JOF,
JONE,
JOY,
JPC,
JPG,
JPI,
JPM,
JPM-A,
JPM-C,
JPM-D,
JPM-I,
JPM.W,
JPS,
JPW,
JPZ,
JQC,
JRI,
JRN,
JRO,
JSD,
JSN,
JTA,
JTD,
JTP,
JW.A,
JW.B,
JWN,
JZC,
JZJ,
JZK,
JZL,
JZT,
JZV,
K,
KAI,
KAMN,
KAP,
KAR,
KB,
KBH,
KBR,
KCC,
KCG,
KDN,
KED,
KEF,
KEG,
KEM,
KEP,
KEX,
KEY,
KEY-G,
KF,
KFH,
KFI,
KFN,
KFN.P,
KFS,
KFY,
KGC,
KHI,
KID,
KIM,
KIM-H,
KIM-I,
KIM-J,
KIM-K,
KIO,-0.146
KKD,
KKR,0.123
KMB,-0.341
KMF,
KMG,
KMI,1.217
KMI.W,
KMM,
KMP,
KMPR,0.303
KMR,
KMT,0.174
KMX,-0.546
KND,
KNL,
KNM,
KNOP,-2.706
KNX,0.522
KO,0.285
KOF,2.822
KOG,
KOP,-0.298
KORS,
KOS,4.847
KR,0.635
KRA,
KRC,1.696
KRC-G,
KRC-H,
KRG,-0.449
KRG-A,
KRO,2.139
KS,-40.0
KSM,-0.101
KSS,0.846
KST,
KSU,
KSU.P,
KT,0.602
KTF,0.421
KTH,-0.071
KTN,-0.682
KTP,
KW,0.401
KWK,
KWN,
KWR,0.819
KYE,
KYN,0.386
KYN-E,
KYN-F,
KYO,
L,-0.721
LAD,0.155
LAS,
LAZ,-0.23
LBF,
LCC,
LCM,
LDF,
LDK,
LDL,
LDP,0.501
LDR,
LEA,0.401
LEE,3.962
LEG,-0.179
LEN,-0.23
LEN.B,
LEO,0.0
LF,
LFC,
LFL,
LG,
LGF,
LGI,1.134
LGP,
LH,0.557
LHO,
LHO-G,
LHO-H,
LHO-I,
LII,2.063
LIN,0.663
LITB,1.124
LL,-22.556
LLL,
LLY,-0.95
LM,
LMT,0.071
LNC,0.351
LNC.W,
LND,1.743
LNKD,
LNN,-0.764
LNT,-0.568
LO,
LOCK,
LOR,
LOW,-0.187
LPI,
LPL,2.079
LPR,
LPS,
LPX,1.527
LRE,-3.158
LRN,0.044
LRY,
LSE,
LSE-A,
LSE-B,
LSE-C,
LTC,-0.551
LTD,
LTM,
LUB,
LUK,
LUV,1.025
LUX,1.425
LVB,
LVLT,
LVS,0.567
LXFR,0.615
LXFT,
LXK,
LXP,-0.213
LXP-C,
LXU,2.525
LYB,0.253
LYG,1.799
LYG-A,
LYV,-1.975
LZB,-1.353
M,0.617
MA,0.794
MAA,-1.12
MAC,2.327
MAIN,0.914
MAN,0.722
MANU,-0.8
MAR,0.079
MAS,0.046
MATX,1.075
MAV,0.974
MBI,3.083
MBT,
MCA,
MCC,
MCD,0.892
MCI,-0.699
MCK,-0.253
MCN,-0.678
MCO,-0.005
MCP,
MCP-A,
MCQ,
MCR,0.318
MCS,3.522
MCV,
MCY,-0.151
MD,0.996
MDC,
MDP,
MDR,
MDT,-0.259
MDU,0.645
MED,-3.467
MEG,-1.352
MEI,-0.4
MEN,
MER-D,
MER-E,
MER-F,
MER-K,
MER-M,
MER-P,
MET,0.171
MET-A,
MET-B,
MFA,-0.566
MFA-B,
MFB,
MFC,1.513
MFD,1.333
MFG,-0.461
MFL,
MFM,0.56
MFO,
MFT,
MFV,
MG,0.742
MGA,0.165
MGF,0.974
MGM,2.244
MGR,1.03
MGU,
MH-A,
MHD,0.167
MHF,0.724
MHFI,
MHI,0.0
MHK,-0.435
MHN,-0.463
MHNA,
MHNB,
MHO,0.536
MHO-A,
MHR,
MHY,
MIC,
MIE,
MIG,0.597
MIL,
MILL,
MIN,1.124
MIT-A,
MITT,1.374
MIXT,
MIY,0.174
MJI,
MJN,
MKC,-0.527
MKC.V,
MKL,-1.996
MLG,
MLI,-0.228
MLM,-0.282
MLP,0.235
MLR,0.515
MLU,
MM,
MMC,0.429
MMD,0.488
MMM,0.0
MMP,
MMS,-0.292
MMT,0.426
MMU,0.194
MN,
MNE,
MNI,
MNK,
MNP,
MNR,1.368
MNR-A,
MNR-B,
MO,-0.217
MOD,2.467
MODN,0.1
MOG.A,
MOG.B,
MOH,1.503
MON,
MOS,-0.792
MOV,1.063
MP-D,
MPA,-0.791
MPC,0.488
MPG,
MPG-A,
MPLX,0.375
MPO,
MPR,
MPV,0.0
MPW,0.744
MPX,0.947
MQT,0.196
MQY,0.735
MR,
MRC,1.108
MRF,
MRH,
MRH-A,
MRIN,-0.437
MRK,-1.464
MRO,0.665
MS,0.552
MS-A,
MSA,0.168
MSB,0.798
MSCA,
MSCI,-0.083
MSD,0.816
MSF,
MSI,-0.248
MSJ,
MSK,
MSM,-1.887
MSO,
MSP,
MSZ,
MT,1.836
MTB,-1.714
MTB-A,
MTB-C,
MTB.P,
MTB.W,
MTCN,
MTD,-0.219
MTDR,0.968
MTG,-0.961
MTH,0.699
MTL,
MTL.P,
MTN,-0.743
MTOR,
MTR,-0.814
MTRN,1.206
MTS,1.222
MTT,
MTU,
MTW,2.07
MTX,0.452
MTZ,1.881
MUA,0.0
MUC,-0.361
MUE,0.296
MUH,
MUI,-0.407
MUJ,0.088
MUR,0.463
MUS,
MUX,6.813
MVC,
MVCB,
MVO,-2.128
MVT,0.275
MW,
MWA,0.826
MWE,
MWG,7.5
MWO,
MWR,
MWV,
MWW,
MX,3.967
MXE,0.522
MXF,2.066
MXL,-0.139
MXT,
MY,
MYC,
MYD,0.278
MYE,-1.141
MYF,
MYI,0.09
MYJ,
MYM,
MYN,0.096
MZF,
N,
NAC,0.086
NAD,-0.085
NAD-C,
NAI,
NAN,0.267
NAN-C,
NAN-D,
NAT,-0.251
NAV,
NAZ,0.089
NAZ-D,
NBB,1.246
NBD,
NBG,
NBG-A,
NBHC,-2.235
NBL,
NBR,0.916
NC,2.004
NCA,0.347
NCI,1.165
NCO,
NCP,
NCR,
NCS,
NCT,
NCT-B,
NCT-C,
NCT-D,
NCU-C,
NCV,1.515
NCZ,1.365
NDP,0.279
NDRO,
NDZ,
NE,-0.314
NEA-C,
NED,
NEE,
NEE-C,
NEE-F,
NEE-G,
NEE-H,
NEE-I,
NEE-J,
NEE-O,
NEM,
NES,
NEU,
NEV,
NFG,
NFJ,
NFX,
NGG,
NGL,
NGLS,
NGS,
NGVC,
NGX-C,
NGZ,
NHF,
NHI,
NI,
NID,
NIE,
NIM,
NIO,
NIQ,
NJ,
NJR,
NKA,
NKE,
NKG-C,
NKG-D,
NL,
NLS,
NLSN,
NLY,
NLY-A,
NLY-C,
NLY-D,
NM,
NMA,
NMFC,
NMI,
NMK-B,
NMK-C,
NMM,
NMO,
NMR,
NMT,
NMT-C,
NMT-D,
NMY,
NMY-C,
NMY-D,
NMY-E,
NMY-F,
NMY-G,
NMY-H,
NNA,
NNC,
NNC-C,
NNC-D,
NNC-E,
NNC-F,
NNC-G,
NNI,
NNJ,
NNN,
NNN-D,
NNN-E,
NNP,
NNY,
NOA,
NOAH,
NOC,
NOK,
NOM-C,
NOR,
NOV,
NOW,
NP,
NPD,
NPF,
NPI,
NPK,
NPM,
NPO,
NPP,
NPT,
NPTN,
NPV,
NPV-A,
NPV-C,
NPV-D,
NPV-E,
NPY,
NQ,
NQC,
NQI,
NQJ,
NQM,
NQP,
NQS,
NQU,
NR,
NRF,
NRF-A,
NRF-B,
NRF-C,
NRF-D,
NRG,
NRGM,
NRGY,
NRK-C,
NRP,
NRT,
NRZ,
NS,
NSC,
NSH,
NSL,
NSLP,
NSM,
NSP,
NSR,
NSS,
NTC,
NTC-C,
NTC-D,
NTC-E,
NTC-F,
NTC-G,
NTE,
NTG,
NTI,
NTL,
NTT,
NTX,
NTX-C,
NTZ,
NU,
NUC,
NUE,
NUJ-C,
NUM,
NUO,
NUO-C,
NUS,
NUV,
NUW,
NVC,
NVE,
NVG-C,
NVO,
NVR,
NVS,
NVX-A,
NVX-C,
NVY-C,
NW-C,
NWE,
NWL,
NWN,
NWY,
NX,
NXC,
NXJ-A,
NXK-C,
NXM-C,
NXN,
NXP,
NXQ,
NXR,
NYCB,
NYLD,
NYT,
NYX,
NZF-C,
NZH-A,
NZH-B,
NZH-C,
O,
O-E,
O-F,
OAK,
OAKS,
OAS,
OB,
OC,
OC.B,
OCN,
OCR,
OCR-A,
OCR-B,
ODC,
ODP,
OEH,
OFC,
OFC-H,
OFC-L,
OFG,
OFG-A,
OFG-B,
OFG-D,
OGE,
OHI,
OI,
OIA,
OIB.C,
OIBR,
OII,
OILT,
OIS,
OKE,
OKS,
OLN,
OLP,
OMC,
OME,
OMG,
OMI,
OMN,
OMX,
ONB,
ONE,
OPK,
OPY,
ORA,
ORAN,
ORB,
ORCL,
ORI,
ORN,
OSK,
OWW,
OXF,
OXM,
OXY,
OZM,
P,
PAA,
PAC,
PACD,
PAG,
PAI,
PAM,
PANW,
PAR,
PAY,
PB,
PBA,
PBF,-1.081
PBH,-1.406
PBI,0.16
PBI-A,
PBI-B,
PBNY,
PBR,0.687
PBR.A,
PBT,-0.446
PBY,
PBYI,-2.581
PCF,-0.291
PCG,0.82
PCI,
PCK,0.513
PCL,
PCM,-0.261
PCN,-0.075
PCP,
PCQ,0.321
PDH,
PDI,0.0
PDM,2.075
PDS,0.457
PDT,0.941
PEB,-0.684
PEB-A,
PEB-B,
PEB-C,
PEG,0.557
PEI,
PEI-A,
PEI-B,
PEO,0.941
PEP,-0.599
PER,
PES,
PF,
PFD,0.192
PFE,-0.467
PFG,-0.126
PFG-B,
PFH,0.858
PFK,
PFL,0.123
PFN,-0.278
PFO,0.827
PFS,0.0
PFSI,1.054
PFX,0.693
PG,-0.043
PGEM,
PGH,
PGI,
PGP,-0.131
PGR,-0.403
PGZ,0.196
PH,0.527
PHA,
PHD,0.407
PHG,2.967
PHH,
PHI,1.053
PHK,-0.412
PHM,0.517
PHT,0.397
PHX,0.0
PII,-0.356
PIKE,
PIM,0.625
PIR,
PIY,
PJA,
PJC,
PJH,
PJL,
PJS,
PKD,
PKE,-1.234
PKG,1.166
PKH,
PKI,
PKO,
PKX,1.588
PKY,
PL,1.685
PL-B,
PL-C,
PL-E,
PLD,0.08
PLL,8.377
PLOW,0.362
PLP,
PLT,
PM,-0.216
PMC,
PMF,0.434
PML,0.234
PMM,0.325
PMO,0.0
PMT,0.146
PMX,0.511
PNC,-0.661
PNC-P,
PNC-Q,
PNC.W,
PNF,0.128
PNG,
PNI,0.81
PNK,
PNM,-0.58
PNR,0.0
PNTA,
PNW,-0.671
PNX,
PNY,
POL,
POM,
POR,-0.235
POST,0.01
POT,
PPG,-0.008
PPL,0.401
PPL-W,
PPO,
PPP,
PPR,
PPS,
PPS-A,
PPT,1.408
PPX,
PQ,
PRA,-0.493
PRE,0.258
PRE-D,
PRE-E,
PRE-F,
PRGO,0.77
PRH,0.501
PRI,-0.95
PRI.B,
PRIS,
PRLB,1.758
PRO,-0.074
PRU,0.0
PRY,
PSA,0.683
PSA-O,
PSA-P,
PSA-Q,
PSA-R,
PSA-S,
PSA-T,
PSA-U,
PSA-V,
PSA-W,
PSA-X,
PSB,
PSB-R,
PSB-S,
PSB-T,
PSB-U,
PSB-V,
PSE,
PSF,0.608
PSO,0.967
PSX,-0.071
PSXP,
PT,-2.804
PTGI,
PTP,
PTR,
PTY,0.069
PUK,2.636
PUK-A,
PUK.P,
PULS,0.04
PVA,
PVD,
PVG,
PVH,1.454
PVR,
PVTD,
PWE,
PWR,2.752
PX,0.484
PXD,
PYB,
PYC,
PYG,
PYK,
PYN,-0.169
PYS,
PYT,0.0
PYV,
PYY,
PZB,
PZC,0.837
PZE,
PZN,
Q,
QEP,
QEPM,
QIHU,
QRE,
QTM,
QUAD,-0.351
R,-0.453
RAD,
RAI,
RALY,
RAS,
RAS-A,
RAS-B,
RAS-C,
RATE,-2.608
RAX,
RBA,1.099
RBC,1.182
RBS,
RBS-E,
RBS-F,
RBS-G,
RBS-H,
RBS-I,
RBS-L,
RBS-M,
RBS-N,
RBS-P,
RBS-Q,
RBS-R,
RBS-S,
RBS-T,
RCAP,
RCI,1.685
RCL,-0.785
RCS,0.0
RDC,
RDN,-0.856
RDS.A,
RDS.B,
RDY,-0.092
RE,
REG,-0.581
REG-F,
REG-G,
REN,
REN.W,
RENN,
RES,2.138
RESI,
REV,
REX,0.856
REXR,0.735
RF,-0.996
RF-A,
RFI,-1.206
RFP,
RGA,-0.462
RGC,0.0
RGP,1.248
RGR,0.073
RGS,10.649
RH,-3.519
RHI,-0.562
RHP,0.683
RHT,
RIG,0.193
RIO,2.863
RIOM,
RIT,
RJD,
RJF,-1.106
RKT,3.979
RKUS,
RL,-0.604
RLD,
RLGY,
RLH,
RLH-A,
RLI,-2.226
RLJ,-0.636
RM,-0.735
RMD,0.026
RMT,0.543
RNDY,
RNE,
RNF,
RNO,
RNP,0.776
RNR,-0.291
RNR-C,
RNR-E,
ROC,
ROG,0.754
ROK,0.544
ROL,2.319
ROP,-0.472
ROYT,
RPAI,
RPM,0.979
RPT,
RPT-D,
RQI,0.344
RRC,0.82
RRMS,
RRTS,0.0
RS,-0.212
RSE,
RSG,0.197
RSH,
RSO,
RSO-A,
RSO-B,
RST,
RT,
RTI,
RTN,
RUK,
RVT,
RWT,
RXN,
RY,
RYL,
RYN,
RZA,
S,
SA,
SAH,
SAI,
SAM,
SAN,
SAN-A,
SAN-B,
SAN-C,
SAN-E,
SAN-F,
SAN-I,
SAP,
SAQ,
SAR,
SB,
SB-B,
SBGL,
SBH,
SBR,
SBS,
SBW,
SBY,
SCCO,
SCD,
SCE-F,
SCE-G,
SCG,
SCH-B,
SCHW,
SCI,
SCL,
SCL.P,
SCM,
SCR,
SCS,
SCU,
SCX,
SD,
SDLP,
SDR,
SDRL,
SDT,
SE,
SEAS,
SEE,
SEM,
SEM.W,
SEMG,
SEP,
SF,
SFB,
SFD,
SFE,
SFG,
SFI,
SFI-D,
SFI-E,
SFI-F,
SFI-G,
SFI-I,
SFL,
SFN,
SFUN,
SFY,
SGF,
SGK,
SGL,
SGU,
SGY,
SGZA,
SHG,
SHI,
SHO,
SHO-D,
SHW,
SI,
SID,
SIG,
SIR,
SIX,
SJI,
SJM,
SJR,
SJT,
SJW,
SKH,
SKM,
SKS,
SKT,
SKX,
SKY,
SLA,
SLB,
SLCA,
SLF,
SLG,
SLG-I,
SLH,
SLRA,
SLT,
SLW,
SM,
SMA,
SMF,
SMFG,
SMG,
SMI,
SMLP,
SMM,
SMP,
SMS,
SN,
SNA,
SNE,
SNH,
SNHN,
SNI,
SNN,
SNP,
SNV,
SNV-C,
SNX,
SNY,
SO,
SOL,
SON,
SOR,
SOV-C,
SPA,
SPB,
SPE,
SPE.P,
SPF,
SPG,
SPG-J,
SPH,
SPLP,
SPN,
SPP,
SPR,
SPW,
SQM,
SQNS,
SR,
SRC,
SRE,
SRF,
SRI,
SRT,
SRV,
SSD,
SSI,
SSL,
SSNI,
SSP,
SSS,
SSTK,
SSW,
SSW-C,
SSW-D,
ST,
STA-A,
STAG,
STC,
STE,
STI,
STI-A,
STI-E,
STI.A,
STI.B,
STJ,
STK,
STL,
STL-A,
STM,
STN,
STNG,
STO,
STON,
STP,
STR,
STRI,
STT,
STT-C,
STV,
STWD,
STZ,
STZ.B,
SU,
SUI,
SUI-A,
SUNE,
SUP,
SUSP,
SUSS,
SVM,
SVU,
SWC,
SWFT,
SWI,
SWJ,
SWK,
SWM,
SWN,
SWS,
SWU,
SWX,
SWY,
SWZ,
SXC,
SXCP,
SXE,
SXI,
SXL,
SXT,
SYA,
SYK,
SYT,
SYX,
SYY,
SZC,
T,
TA,
TAC,
TAHO,
TAI,
TAL,
TAM,
TANN,
TAOM,
TAP,
TAP.A,
TARO,
TBI,
TC,
TC-T,
TCAP,
TCB,
TCB-B,
TCB-C,
TCB.W,
TCC,
TCCA,
TCI,
TCK,
TCO,
TCO-J,
TCO-K,
TCP,
TD,
TDA,
TDC,0.319
TDE,
TDF,0.744
TDG,0.423
TDI,1.162
TDJ,
TDS,-1.217
TDW,0.634
TDY,0.707
TE,
TEF,1.675
TEG,
TEI,0.94
TEL,-0.774
TEN,-0.237
TEO,1.739
TEP,
TER,1.404
TEU,
TEU-C,
TEVA,1.631
TEX,1.536
TFG,
TFX,0.09
TG,0.855
TGH,
TGI,0.319
TGP,
TGS,1.325
TGT,-0.406
TGX,
THC,1.192
THG,-0.868
THGA,
THI,
THO,-0.449
THR,0.133
THS,-0.377
TI,
TI.A,
TIF,
TISI,-0.117
TJX,0.172
TK,0.903
TKC,2.88
TKF,
TKR,0.465
TLI,
TLK,-0.163
TLLP,
TLM,
TLP,
TLYS,3.993
TM,0.019
TMH,
TMHC,0.093
TMK,
TMK-B,
TMO,0.315
TMS,
TMUS,-0.845
TNC,-0.122
TNH,
TNK,1.492
TNP,-0.237
TNP-B,
TOL,0.701
TOO,
TOO-A,
TOT,
TOWR,
TPC,2.349
TPGI,
TPH,0.413
TPL,1.741
TPRE,
TPX,-3.208
TPZ,-0.252
TR,-1.234
TRC,-0.178
TREX,-2.273
TRF,
TRGP,1.985
TRI,0.03
TRK,
TRLA,
TRMR,
TRN,0.41
TRN-A,
TRNO,-0.232
TROX,3.153
TRP,1.113
TRQ,
TRR,
TRV,0.015
TRW,
TS,0.973
TSI,0.636
TSL,8.228
TSM,3.865
TSN,-1.084
TSO,
TSS,
TSU,
TTC,-0.946
TTF,
TTI,1.502
TTM,
TTP,1.408
TU,1.006
TUC,
TUMI,
TUP,-4.762
TV,3.435
TVC,-0.044
TVE,0.226
TVL,
TW,0.785
TWC,
TWI,-0.698
TWN,0.435
TWO,-0.303
TWX,
TX,1.468
TXI,
TXT,0.501
TXTR,
TY,0.937
TY.P,
TYC,
TYG,1.525
TYG-B,
TYL,-0.086
TYN,
TYY,
TYY-C,
TZF,
UA,-0.951
UAL,0.643
UAM,
UAN,0.013
UBA,
UBP,
UBP-D,
UBP-F,
UBS,1.066
UBS-D,
UCP,
UDR,-0.951
UFI,-0.177
UFS,
UGI,-0.044
UGP,4.439
UHS,0.363
UHT,0.862
UIL,
UIS,2.844
UIS-A,
UL,0.31
UMC,0.482
UMH,0.124
UMH-A,
UN,
UNF,-1.321
UNH,-1.676
UNM,-1.67
UNP,0.031
UNS,
UNT,
UPL,
UPS,0.474
URI,1.249
URS,
USA,0.291
USAC,0.379
USB,-1.151
USB-A,
USB-H,
USB-M,
USB-N,
USB-O,
USG,1.103
USM,1.593
USNA,0.067
USPH,1.539
USU,
UTF,0.538
UTI,0.488
UTL,-0.309
UTX,
UTX-A,
UVV,-0.69
UZA,
V,0.283
VAC,-0.538
VAL,0.327
VAL.P,
VALE,4.219
VAR,
VBF,0.251
VC,0.493
VCI,
VCO,
VCRA,
WAB,1.621
WAC,
WAG,
WAGE,
WAIR,
WAL,-0.281
WAT,1.058
WBC,
WBK,
WBS,-3.723
X,2.217
XAA,
XCO,
XEC,
XEL,-0.846
XFP,
XFR,
XIN,0.0
XKE,
XKO,
XL,
XLS,
XNY,
XOM,0.508
XON,
XOXO,
XPO,0.857
XRM,
XRS,
XRX,-1.023
XUE,
XVG,
XYL,0.333
Y,
YELP,-0.166
YGE,
YOKU,
YPF,0.7
YUM,-0.346
YUME,
YZC,
ZA,
ZB-A,
ZB-C,
ZB-F,
ZB-G,
ZB-H,
ZEP,
ZF,
ZFC,
ZLC,
ZMH,
ZNH,
ZQK,
ZTR,0.556
ZTS,0.452
ZX,
AAIT,
AAME,0.633
AAON,0.326
AAPL,0.581
AAWW,
AAXJ,1.392
ABAX,
ABCB,-1.561
ABCD,
ABCO,
ABFS,
ABIO,-3.878
ABMD,
ABTL,
ACAD,-1.578
ACAS,
ACAT,
ACCL,
ACET,-0.909
ACFC,
ACFN,0.0
ACGL,-2.35
ACHC,0.938
ACHN,
ACIW,0.359
ACLS,0.375
ACNB,-2.241
ACOR,
ACPW,
ACRX,
ACST,1.754
ACTG,1.775
ACTS,
ACUR,0.0
ACWI,0.724
ACWX,1.218
ACXM,
ADAT,
ADBE,0.43
ADEP,
ADES,
ADHD,
ADI,0.78
ADNC,
ADP,0.118
ADRA,
ADRD,
ADRE,
ADRU,
ADSK,-0.629
ADTN,-0.195
ADUS,0.626
ADVS,
AEGN,
AEGR,
AEHR,2.708
AEIS,0.291
AEPI,
AERL,
AETI,
AEY,
AEZS,0.0
AFAM,
AFCB,
AFCE,
AFFX,
AFH,
AFOP,
AFSI,
AGEN,1.751
AGII,
AGIIL,
AGIO,-0.071
AGNC,0.311
AGNCP,0.207
AGYS,0.357
AHGP,
AHPI,
AIMC,
AINV,
AIQ,1.191
AIRM,
AIRT,0.086
AIXG,
AKAM,-0.54
AKRX,
ALCO,-3.03
ALCS,
ALGN,1.514
ALGT,-0.301
ALIM,0.0
ALKS,0.165
ALLB,
ALLT,1.145
ALNY,0.432
ALOG,
ALOT,-1.689
ALSK,
ALTI,-0.833
ALTR,-0.274
ALVR,0.0
ALXA,
ALXN,
AMAG,
AMAP,
AMAT,1.017
AMBA,1.658
AMBC,-0.879
AMBCW,
AMBI,-11.5
AMBT,
AMCC,
AMCF,0.0
AMCN,
AMCX,2.447
AMED,0.579
AMGN,-0.447
AMIC,
AMKR,0.199
AMNB,
AMOT,
AMOV,
AMRB,
AMRI,
AMRN,-2.817
AMRS,
AMSC,7.721
AMSF,-1.049
AMSG,
AMSWA,0.11
AMWD,-1.638
AMZN,-1.205
ANAC,
ANAD,
ANAT,
ANCB,
ANCI,
ANCX,
ANDA,
ANDAU,
ANDAW,
ANDE,
ANEN,
ANGI,
ANGO,
ANIK,
ANIP,
ANLY,
ANSS,
ANTH,
ANTP,
AOSL,
APAGF,
APEI,
APFC,
APOG,
APOL,
APPY,
APRI,
APSA,
APWC,
AQU,
AQUUU,
AQUUW,
ARAY,
ARCC,
ARCI,
ARCP,
ARCW,
ARDNA,
AREX,
ARIA,
ARII,
ARKR,
ARLP,
ARMH,
ARNA,
AROW,
ARQL,
ARRS,
ARRY,
ARTC,
ARTNA,
ARTW,
ARTX,
ARUN,
ARWR,
ASBB,
ASBC,
ASBCW,
ASBI,
ASCA,
ASCMA,
ASDR,
ASEI,
ASFI,
ASIA,
ASMI,
ASML,
ASNA,
ASPS,
ASRV,
ASRVP,
ASTC,
ASTE,
ASTI,
ASTM,
ASTX,
ASUR,
ASYS,
ATAI,
ATAX,
ATEA,
ATEC,
ATHN,
ATHX,
ATLC,
ATLO,
ATMI,
ATML,
ATNI,
ATNY,
ATOS,
ATRC,
ATRI,
ATRM,
ATRO,
ATRS,
ATSG,
ATTU,
ATVI,
ATX,
AUBN,
AUDC,
AUXL,
AVAV,
AVEO,
AVGO,
AVHI,
AVID,
AVNR,
AVNW,
AWAY,
AWRE,
AXAS,
AXDX,
AXFN,
AXGN,
AXJS,
AXTI,
AZPN,
BABY,
BAGL,
BAGR,
BAMM,
BANC,
BANCL,
BANCP,
BANF,
BANFP,
BANR,
BASI,
BAXS,
BBBY,
BBCN,
BBEP,
BBGI,
BBNK,
BBOX,
BBRG,
BBRY,
BBSI,
BCBP,
BCOM,
BCOR,
BCOV,
BCPC,
BCRX,
BCSB,
BDBD,
BDE,
BDGE,
BDMS,
BDSI,
BEAT,
BEAV,
BEBE,
BECN,
BELFA,
BELFB,
BERK,
BFIN,
BGCP,
BGFV,
BGMD,
BGSC,
BGSCU,
BGSCW,
BIB,
BICK,
BIDU,
BIIB,
BIOD,
BIOF,
BIOL,
BIOS,
BIRT,
BIS,
BJRI,
BKCC,
BKEP,
BKEPP,
BKMU,
BKSC,
BKYF,
BLDP,
BLDR,
BLIN,
BLKB,
BLMN,
BLMT,
BLRX,
BLUE,
BMC,
BMRC,
BMRN,
BMTC,
BNCL,
BNCN,
BNDX,
BNSO,
BOBE,
BOCH,
BODY,
BOFI,
BOKF,
BOLT,
BONA,
BONT,
BOOM,
BOSC,
BOTA,
BOTJ,
BPFH,
BPFHP,
BPFHW,
BPHX,
BPOP,
BPOPM,
BPOPN,
BRCD,
BRCM,
BREW,
BRID,
BRKL,
BRKR,
BRKS,
BRLI,
BSDM,
BSET,
BSFT,
BSPM,
BSQR,
BSRR,
BSTC,
BTUI,
BUR,
BUSE,
BV,
BVA,
BVSN,
BWEN,
BWINA,
BWINB,
BWLD,
BYFC,
CA,
CAAS,
CAC,
CACB,
CACC,
CACGU,
CACGW,
CACH,
CADC,
CADX,
CAFI,
CAKE,
CALD,
CALI,
CALL,
CALM,
CAMP,
CAMT,
CAR,
CARB,
CART,
CARV,
CARZ,
CASH,
CASM,
CASS,
CASY,
CATM,
CATY,-1.878
CAVM,
CBAK,
CBAN,-0.327
CBEY,
CBF,
CBIN,
CBLI,
CBMX,
CBMXW,
CBNJ,
CBNK,-0.933
CBOE,-0.274
CBPO,
CBRL,-3.0
CBRX,
CBSH,-0.716
CBST,
CCBG,-1.84
CCCL,
CCCR,
CCIH,
CCIX,0.0
CCMP,
CCNE,-2.315
CCOI,1.114
CCRN,-0.22
CCUR,0.0
CCXI,
CDNS,-0.414
CDTI,62.5
CDW,-0.461
CDXS,-0.346
CDZI,0.326
CECE,
CECO,1.25
CEDU,
CELG,
CELGZ,
CEMI,
CEMP,
CENT,-0.415
CENTA,-0.542
CENX,6.656
CERE,-2.256
CERN,
CERS,1.176
CETV,
CEVA,0.0
CFBK,-0.855
CFFI,-1.329
CFFN,-3.22
CFNB,0.0
CFNL,
CG,1.45
CGEN,-1.183
CGIX,
CGNX,-0.064
CGO,1.525
CHCI,0.319
CHCO,-1.291
CHDN,1.112
CHDX,
CHEF,2.74
CHEV,0.0
CHFC,
CHFN,
CHI,0.595
CHKE,
CHKP,0.59
CHLN,
CHMG,-1.317
CHNR,-10.39
CHOP,
CHRM,
CHRW,1.579
CHSCP,0.39
CHTP,
CHTR,-0.741
CHUY,-2.123
CHW,1.59
CHXF,
CHY,0.801
CHYR,
CIDM,
CIEN,-0.635
CIFC,
CIMT,
CINF,-1.792
CISAA,
CISAU,
CISAW,
CISG,
CITZ,2.5
CIZN,-1.146
CJJD,0.444
CKEC,
CKSW,
CLAC,
CLACU,
CLACW,
CLBH,
CLCT,
CLDX,-2.972
CLFD,1.96
CLIR,1.163
CLMS,
CLMT,0.629
CLNE,4.741
CLNT,
CLRO,0.0
CLRX,
CLSN,
CLUB,
CLVS,
CLWT,-13.45
CMCO,-0.502
CMCSA,-0.288
CMCSK,
CME,-0.518
CMGE,
CMLS,2.105
CMRX,1.163
CMSB,
CMTL,6.601
CNAT,
CNBC,
CNBKA,
CNDO,
CNET,-5.195
CNIT,
CNMD,0.701
CNOB,-3.278
CNQR,
CNSI,
CNSL,0.228
CNTF,
CNTY,-1.6
CNYD,
COA,
COB,
COBK,
COBR,
COBZ,
COCO,-0.571
COGO,
COHR,1.372
COHU,-0.179
COKE,-1.204
COLB,-1.362
COLM,-0.739
CONE,
CONN,-10.811
COOL,0.0
CORE,
CORT,-3.359
COSI,
COST,0.384
COWN,
CPAH,
CPGI,
CPHC,0.0
CPHD,
CPIX,5.517
CPLA,
CPLP,-0.236
CPRT,-1.463
CPRX,-3.101
CPSI,
CPSL,
CPSS,1.244
CPST,
CPWR,0.0
CRAI,0.035
CRAY,
CRDC,
CRDS,
CREE,
CREG,1.835
CRESW,
CRESY,1.641
CRIS,0.0
CRMB,
CRMBU,
CRMBW,
CRME,
CRMT,-1.454
CRNT,0.0
CROX,1.656
CRRB,
CRRC,
CRTX,
CRUS,-0.925
CRVL,-1.226
CRWN,
CRWS,0.206
CRZO,
CSBK,
CSCD,
CSCO,-0.402
CSFL,
CSGP,-0.525
CSGS,-0.322
CSII,
CSIQ,8.116
CSOD,
CSPI,-2.756
CSQ,0.708
CSRE,
CSTE,-1.235
CSUN,
CSWC,0.339
CTAS,-0.237
CTBI,-2.322
CTCH,
CTCM,
CTCT,
CTG,
CTHR,1.765
CTIB,
CTIC,
CTRL,
CTRN,-0.568
CTRP,
CTRX,
CTSH,-0.452
CTWS,
CTXS,
CU,
CUBA,-0.427
CUBI,-2.045
CUBIL,
CUI,
CUNB,
CUTR,-4.444
CVBF,-1.748
CVCO,0.032
CVCY,
CVGI,0.622
CVGW,-1.858
CVLT,-0.485
CVLY,4.978
CVTI,
CVV,-0.519
CWBC,-0.22
CWCO,0.409
CWEI,
CWST,1.167
CWTR,
CXDC,
CXPO,
CY,
CYAN,5.714
CYBE,
CYBX,
CYCC,-1.807
CYCCP,0.0
CYNO,
CYOU,
CYTK,-0.802
CYTR,
CYTX,
CYTXW,
CZFC,
CZNC,-0.863
CZR,0.828
CZWI,0.444
DAEG,
DAIO,1.449
DAKT,2.281
DARA,
DATE,
DAVE,1.701
DBLE,
DBLEP,
DCIN,
DCIX,
DCOM,-4.447
DCTH,0.0
DECK,-0.526
DELL,-0.558
DENN,-4.431
DEPO,
DEST,
DFRG,
DFZ,
DGAS,
DGICA,-0.706
DGICB,-0.909
DGII,-1.218
DGIT,
DGLY,-5.607
DGRE,1.87
DGRS,0.064
DGRW,0.268
DHIL,-1.05
DHRM,
DIOD,0.75
DISCA,
DISCB,
DISCK,
DISH,
DJCO,-0.972
DLHC,-0.465
DLIA,
DLLR,
DLTR,-1.083
DMLP,-0.507
DMND,
DMRC,-1.726
DNBF,
DNDN,
DNKN,
DORM,0.133
DOVR,
DRAD,
DRAM,
DRCO,
DRIV,1.694
DRRX,-5.882
DRTX,
DRWI,
DRYS,
DSCI,
DSCO,
DSGX,-0.682
DSKX,
DSPG,
DSWL,0.0
DTLK,
DTSI,
DTV,
DVAX,
DVCR,
DWA,
DWCH,
DWSN,
DXCM,
DXJS,
DXLG,
DXM,
DXPE,
DXPS,
DXYN,
DYAX,
DYNT,
DYSL,
EA,
EAC,
EAGLU,
EBAY,
EBIX,
EBMT,
EBSB,
EBTC,
ECHO,
ECOL,
ECPG,
ECTE,
ECTY,
ECYT,
EDAP,
EDGW,
EDMC,
EDS,
EDUC,
EEFT,
EEI,
EEMA,
EEME,
EEML,
EFII,
EFSC,
EFUT,
EGAN,
EGBN,
EGHT,
EGLE,
EGOV,
EGRW,
EGT,
EHTH,
EIHI,
ELGX,
ELNK,
ELON,
ELOS,
ELRC,
ELSE,
ELTK,
EMCB,
EMCF,
EMCI,
EMDI,
EMDR,
EMEY,
EMFN,
EMIF,
EMITF,
EMKR,
EML,
EMMS,
EMMSP,
EMMT,
ENDP,
ENG,
ENMD,
ENOC,
ENPH,
ENSG,
ENT,
ENTA,
ENTG,
ENTR,
ENVI,
ENZN,
EONC,
EOPN,
EPAX,
EPAY,
EPIQ,
EPZM,
EQIX,
ERIC,
ERIE,
ERII,
EROC,
ERS,
ERW,
ESBF,
ESBK,
ESCA,
ESEA,
ESGR,
ESIO,
ESLT,
ESMC,
ESPR,
ESRX,
ESSA,
ESSX,
ESXB,
ESYS,
ETFC,
ETRM,
EUFN,
EVAC,
EVAL,
EVBS,
EVEP,
EVOL,
EVRY,
EWBC,
EXA,
EXAC,
EXAS,
EXEL,
EXFO,
EXLP,
EXLS,
EXPD,
EXPE,
EXPO,
EXTR,
EXXI,
EZCH,
EZPW,
FALC,
FANG,
FARM,
FARO,
FAST,
FB,
FBIZ,
FBMI,
FBMS,
FBNC,
FBNK,
FBRC,
FBSS,
FCAP,
FCBC,
FCCO,
FCCY,
FCEL,
FCFS,
FCHI,
FCLF,
FCNCA,
FCTY,
FCVA,
FCZA,
FDEF,
FDML,
FDUS,
FEFN,
FEIC,
FEIM,
FELE,
FES,
FFBC,
FFBCW,
FFBH,
FFCO,
FFEX,
FFHL,
FFIC,
FFIN,
FFIV,
FFKT,
FFKY,
FFN,
FFNM,
FFNW,
FHCO,
FIBK,
FINL,
FIRE,
FISH,
FISI,
FISV,
FITB,
FIVE,
FIZZ,
FLDM,
FLEX,
FLIC,
FLIR,
FLL,
FLML,
FLOW,
FLWS,
FLXS,
FMBI,
FMER,
FMFC,
FMNB,
FNFG,
FNGN,
FNHC,
FNLC,
FNSR,
FOLD,
FONE,
FONR,
FORD,
FORM,
FORR,
FORTY,
FOSL,
FOX,
FOXA,
FOXF,
FRAN,
FRBK,
FRED,
FREE,
FRGI,
FRME,
FRNK,
FRP,
FSBK,
FSBW,
FSC,
FSCFL,
FSCI,
FSFG,
FSFR,
FSGI,
FSLR,
FSRV,
FSTR,
FSYS,
FTCS,
FTEK,
FTNT,
FTR,
FTSL,0.131
FUBC,
FULL,
FULLL,
FULT,-2.323
FUNC,0.0
FUND,0.0
FURX,
FWLT,
FWM,
FWRD,0.569
FXCB,
FXEN,
GABC,-1.456
GAGA,
GAI,
GAIA,-3.212
GAIN,1.072
GAINP,
GALE,
GALT,-5.702
GALTU,
GALTW,
GAME,0.0
GARS,
GASS,1.606
GBCI,-2.313
GBDC,0.954
GBLI,2.218
GBNK,
GCBC,-1.963
GCOM,
GCVRZ,
GENC,0.214
GENE,2.19
GENT,0.336
GEOS,4.153
GERN,4.556
GEVA,
GEVO,7.407
GFED,
GFN,
GFNCP,
GGAL,1.387
GHDX,
GIFI,-1.095
GIGA,0.0
GIGM,0.794
GIII,-0.376
GILD,-2.646
GILT,0.0
GIVN,
GK,0.764
GKNT,
GLAD,0.339
GLADP,
GLBS,0.535
GLBZ,1.266
GLCB,
GLCH,
GLDC,
GLDD,0.0
GLDI,0.764
GLNG,1.515
GLPW,
GLRE,-2.215
GLUU,
GMAN,
GMCR,
GMETP,
GMLP,
GNCMA,
GNMA,0.585
GNMK,
GNTX,-0.089
GNVC,
GOGO,-0.61
GOLD,4.091
GOOD,-0.07
GOODN,1.208
GOODO,0.613
GOODP,
GOOG,0.418
GPIC,
GPOR,2.096
GPRC,
GPRE,-0.925
GRFS,1.84
GRID,1.984
GRIF,
GRMN,-0.211
GROW,0.388
GRPN,0.329
GRVY,0.414
GSBC,-2.484
GSIG,0.224
GSIT,0.0
GSJK,
GSM,2.174
GSOL,-3.516
GSVC,
GT,-0.628
GTAT,
GTIM,0.826
GTIV,
GTLS,1.861
GTPPP,
GTWN,
GTXI,
GUID,
GULF,
GURE,1.667
GWPH,
GYRO,-0.123
HA,2.97
HAFC,-2.698
HAIN,0.432
HALL,0.0
HALO,1.384
HAS,-0.053
HAST,
HAUP,0.0
HAWK,0.0
HAYN,-0.068
HBAN,-1.287
HBANP,0.857
HBCP,-0.466
HBHC,
HBIO,-0.717
HBK,
HBMD,
HBNC,-2.3
HBNK,
HBOS,
HCAP,
HCBK,
HCCI,
HCIIP,
HCKT,-1.826
HCOM,0.821
HCSG,-5.861
HDNG,
HDS,
HDSN,0.118
HEES,0.485
HELE,0.329
HEOP,
HERO,1.175
HFBC,
HFBL,0.0
HFFC,
HFWA,-1.846
HGSH,
HIBB,-0.034
HIFS,-4.059
HIHO,-0.481
HIIQ,
HILL,
HIMX,-0.889
HITK,
HITT,
HKTV,
HLIT,0.336
HLSS,
HMIN,
HMNF,0.0
HMNY,0.0
HMPR,
HMST,-2.026
HMSY,
HMTV,
HNH,
HNRG,-2.005
HNSN,
HOFT,-3.564
HOLI,0.04
HOLL,
HOLX,-0.068
HOMB,-1.413
HOME,
HOTR,
HOTRW,
HOVNP,-0.613
HPAC,
HPCCP,
HPJ,
HPOL,
HPTX,
HRZN,-0.248
HSIC,-1.235
HSII,0.658
HSKA,
HSNI,
HSOL,
HSON,12.79
HSTM,-0.541
HTBI,-2.386
HTBK,-2.552
HTBX,
HTCH,
HTCO,
HTHT,0.39
HTLD,-0.166
HTLF,-1.437
HTWO,
HTWR,
HUBG,0.983
HURC,0.524
HURN,-1.582
HWAY,
HWBK,0.0
HWCC,
HWKN,2.082
HYGS,
HYLS,0.271
HZNP,
IACI,
IART,-1.576
IBB,-0.684
IBCA,
IBCP,-1.55
IBCPO,
IBKC,
IBKR,-1.699
IBOC,-1.954
IBTX,-1.607
ICAD,2.521
ICCC,4.39
ICEL,
ICFI,-0.651
ICGE,
ICLN,2.489
ICLR,-0.091
ICON,
ICPT,
ICUI,0.383
IDCC,0.245
IDIX,
IDRA,
IDSA,
IDSY,
IDTI,
IDXX,0.054
IEP,1.03
IESC,6.282
IFAS,
IFEU,
IFGL,1.46
IFNA,
IFON,
IFSM,
IGLD,0.7
IGOI,
IGOV,1.064
IGTE,
III,0.0
IIIN,-0.626
IIJI,
IILG,
IIN,
IIVI,
IKAN,
IKNX,
ILMN,-0.218
IMCB,0.143
IMGN,
IMI,
IMKTA,-0.425
IMMR,-0.314
IMMU,
IMMY,
IMOS,1.465
IMRS,
INAP,
INBK,0.072
INCY,-2.304
INDB,-1.35
INDY,0.369
INFA,-0.229
INFI,
INFN,0.968
ININ,
INOC,
INOD,-1.122
INPH,
INSM,-3.876
INSY,
INTC,0.515
INTG,-0.235
INTL,1.322
INTLL,
INTT,-1.203
INTU,0.561
INTX,
INVE,0.0
INWK,
INXB,-0.885
INXBU,
INXBW,
IOSP,0.212
IPAR,-0.54
IPAS,
IPCC,
IPCI,
IPCM,
IPDN,2.174
IPGP,-0.389
IPHS,
IPXL,
IQNT,
IRBT,1.833
IRDM,0.6
IRDMZ,
IRG,
IRIX,2.985
IROQ,0.0
IRWD,-1.768
ISBC,
ISCA,
ISHG,0.503
ISIG,
ISIL,
ISIS,
ISLE,
ISM,
ISNS,
ISRG,-0.912
ISRL,0.0
ISSC,-3.905
ISSI,
ITIC,1.309
ITMN,
ITRI,0.688
ITRN,0.816
IVAC,-0.524
IVAN,
IXYS,
JACK,1.187
JACQ,
JACQU,
JACQW,
JADE,1.143
JAKK,0.166
JASO,
JAXB,
JAZZ,-1.484
JBHT,-0.445
JBLU,2.055
JBSS,-0.782
JCOM,
JCS,
JCTCF,
JDSU,
JFBI,
JIVE,
JJSF,
JKHY,
JMBA,
JOBS,
JOEZ,
JOSB,
JOUT,
JRCC,
JRJC,
JSM,
JST,
JTPY,
JVA,
JXSB,
KALU,
KBALB,
KBIO,
KCAP,
KCLI,
KELYA,
KELYB,
KEQU,
KERX,
KEYN,
KEYW,
KFFB,
KFRC,
KGJI,
KINS,
KIOR,
KIPO,
KIPS,
KIRK,
KLAC,
KLIC,
KMDA,
KNDI,
KONA,
KONE,
KONG,
KOOL,
KOPN,
KOSS,
KRFT,
KRNY,
KTCC,
KTEC,
KTOS,
KUTV,
KVHI,
KWEB,
KYTH,
LABC,
LABL,
LACO,
LAKE,
LAMR,
LANC,
LAND,
LARK,
LAWS,
LAYN,
LBAI,
LBIX,
LBTYA,
LBTYB,
LBTYK,
LCAV,
LCNB,
LCUT,
LEAP,
LECO,
LEDR,
LEDS,
LFUS,
LFVN,
LGCY,
LGND,
LHCG,
LIFE,
LIME,
LINC,
LINE,
LINTA,
LINTB,
LION,
LIOX,
LIQD,
LIVE,
LIWA,
LKFN,
LKQ,
LLEN,
LLNW,
LLTC,
LMAT,
LMCA,
LMCB,
LMIA,
LMNR,
LMNX,
LMOS,
LNBB,
LNCE,
LNCO,
LNDC,
LOAN,
LOCM,
LOGI,
LOGM,
LOJN,
LONG,
LOOK,
LOPE,
LORL,
LPDX,
LPHI,
LPLA,
LPNT,
LPSB,
LPSN,
LPTH,
LPTN,
LQDT,
LRAD,
LRCX,
LSBI,
LSBK,
LSCC,
LSI,
LSTR,
LTBR,
LTON,
LTRE,
LTRX,
LTXC,
LULU,
LUNA,
LVNTA,
LVNTB,
LWAY,
LXRX,
LYTS,
MACK,
MAG,
MAGS,
MAKO,
MAMS,
MANH,
MANT,
MARK,
MARPS,
MASC,
MASI,
MAT,
MATR,
MATW,
MAXY,
MAYS,
MBFI,
MBII,
MBIS,
MBLX,
MBND,
MBRG,
MBTF,
MBVT,
MBWM,
MCBC,
MCBI,
MCBK,
MCEP,
MCGC,
MCHP,
MCHX,
MCOX,
MCRI,
MCRL,
MCRS,
MDAS,
MDCA,
MDCI,
MDCO,
MDIV,
MDLZ,
MDRX,
MDSO,
MDVN,
MDXG,
MEAD,
MEAS,
MEIL,
MEILW,
MEILZ,
MEIP,
MELA,
MELI,
MEMP,
MEMS,
MENT,
MEOH,
MERC,
MERU,
METR,
MFI,
MFLR,
MFLX,
MFNC,
MFRI,
MFRM,
MFSF,
MGAM,
MGCD,
MGEE,
MGI,
MGIC,
MGLN,
MGPI,
MGRC,
MGYR,
MHGC,
MHLD,
MICT,
MICTW,
MIDD,0.289
MIND,-1.679
MINI,
MITK,1.701
MITL,
MKSI,1.703
MKTG,
MKTO,
MKTX,3.72
MLAB,3.066
MLHR,
MLNK,-1.93
MLNX,
MLVF,
MMLP,1.242
MMSI,-0.751
MMYT,2.898
MNDL,
MNDO,-0.535
MNGA,
MNKD,0.0
MNOV,0.0
MNRK,
MNRO,-1.456
MNST,-0.365
MNTA,
MNTG,
MNTX,3.186
MOBI,
MOCO,
MOFG,-2.622
MOLX,
MOLXA,
MORN,0.651
MOSY,
MOVE,3.268
MPAA,0.506
MPAC,
MPB,-2.077
MPEL,
MPET,
MPWR,1.263
MRCC,-1.33
MRCY,0.587
MRGE,0.0
MRLN,
MRTN,0.165
MRTX,
MRVL,0.838
MSBF,
MSCC,
MSEX,-1.199
MSFG,
MSFT,0.324
MSG,
MSLI,
MSON,
MSPD,
MSTR,-1.371
MTEX,-3.571
MTGE,
MTRX,-2.128
MTSC,
MTSI,0.143
MTSL,
MTSN,
MU,3.19
MVIS,4.717
MWIV,
MWRX,
MXIM,
MXWL,
MYGN,0.767
MYL,
MYRG,2.173
MZOR,
NAFC,
NAII,2.018
NANO,
NASB,0.0
NATH,-0.115
NATI,
NATL,1.953
NATR,-0.133
NAUH,0.0
NAVG,
NAVR,
NBBC,
NBCB,
NBIX,0.538
NBN,-1.177
NBS,
NBTB,-1.577
NBTF,
NCBC,
NCIT,
NCLH,-0.397
NCMI,3.386
NCTY,-1.606
NDAQ,0.3
NDLS,-3.145
NDSN,-0.272
NECB,0.893
NEO,0.0
NEOG,0.529
NEON,2.778
NEPT,
NETC,
NETE,
NEWL,
NEWP,8.844
NEWS,
NEWT,-0.471
NFBK,-2.821
NFEC,
NFLX,0.431
NFSB,
NGPC,
NHTB,
NICE,0.206
NICK,0.0
NIHD,
NILE,
NINE,0.0
NKSH,0.727
NKTR,11.111
NLNK,
NLST,1.481
NMRX,
NNBR,1.0
NOVB,
NPBC,
NPSP,
NRCIA,
NRCIB,
NRIM,-0.069
NSEC,
NSIT,-0.354
NSPH,
NSSC,0.745
NSTG,-0.458
NSYS,-0.607
NTAP,0.293
NTCT,0.694
NTES,2.086
NTGR,0.204
NTIC,0.061
NTK,
NTLS,
NTRI,
NTRS,0.202
NTSC,
NTWK,-2.281
NUAN,
NUCL,
NURO,3.611
NUTR,
NUVA,
NVAX,-3.238
NVDA,4.573
NVDQ,-9.069
NVEC,1.282
NVEEU,
NVGN,
NVMI,1.295
NVSL,
NVTL,
NWBI,-1.126
NWBO,0.0
NWBOW,
NWFL,-0.77
NWLI,0.463
NWPX,0.697
NWS,0.317
NWSA,0.109
NXPI,0.092
NXST,0.54
NXTM,
NYMT,0.677
NYMTP,
NYMX,
NYNY,
OABC,
OBAF,
OBAS,
OBCI,
OCC,-1.471
OCFC,-1.333
OCLR,
OCLS,
OCRX,
OCZ,
ODFL,-0.165
OFED,0.0
OFIX,1.731
OFLX,-0.275
OFS,0.114
OGXI,
OHRP,
OIIM,
OINK,
OKSB,
OKSBP,
OLBK,
OLED,2.127
OMAB,3.144
OMCL,2.294
OMED,
OMER,0.779
OMEX,-3.501
ONB,-1.621
ONCY,2.02
ONEQ,0.973
ONFC,
ONNN,
ONTX,
ONTY,
ONVI,
ONXX,
OPAY,
OPEN,2.273
OPHC,1.874
OPLK,
OPOF,2.387
OPTR,
OPTT,-21.569
OPXA,
ORBC,
ORBK,
ORBT,0.0
OREX,
ORIG,
ORIT,
ORLY,-1.593
ORMP,-1.55
ORRF,-0.86
OSBC,-2.632
OSBCP,
OSHC,
OSIR,
OSIS,0.022
OSM,
OSN,
OSTK,
OSUR,-1.225
OTEL,
OTEX,1.501
OTIV,
OTTR,-0.127
OUTR,
OVAS,
OVBC,1.377
OVLY,-0.747
OVRL,
OVTI,
OXBT,
OXGN,
OXLC,1.101
OXLCO,0.582
OXLCP,0.34
OZRK,
PAAS,5.126
PACB,1.562
PACQ,
PACQW,
PACR,
PACT,
PACW,
PAGG,
PAMT,
PATH,0.0
PATK,1.839
PATR,
PAYX,-0.802
PBCP,
PBCT,
PBHC,1.25
PBIB,
PBIP,
PBMD,
PBSK,
PCAR,1.08
PCBK,
PCCC,
PCH,-1.238
PCLN,
PCMI,
PCO,
PCOM,
PCRX,-4.749
PCTI,
PCYC,
PCYO,-1.499
PDCE,
PDCO,-0.084
PDEX,-4.462
PDFS,-2.408
PDII,
PDLI,
PEBK,-0.806
PEBO,-1.244
PEGA,-0.494
PEIX,
PENN,-0.372
PENX,
PEOP,
PERF,1.37
PERI,-2.897
PERY,
PESI,-2.349
PETM,
PETS,-0.498
PETX,
PFBC,-1.53
PFBI,
PFBX,0.0
PFIN,
PFLT,
PFMT,
PFPT,
PFSW,
PGC,
PGNX,
PGRX,
PGTI,
PHII,
PHIIK,
PHMD,
PICO,
PKBK,
PKOH,
PKT,
PLAB,
PLBC,
PLCC,
PLCE,
PLCM,
PLMT,
PLNR,
PLPC,
PLPM,
PLTM,
PLUG,
PLUS,
PLXS,
PLXT,
PMBC,
PMCS,
PMD,
PME,
PMFG,
PMNA,
PMTC,
PNBK,
PNFP,
PNNT,
PNQI,
PNRA,
PNRG,
PNTR,
PODD,
POOL,
POPE,
POWI,
POWL,
POWR,
POZN,
PPBI,
PPC,
PPHM,
PRAA,
PRAN,
PRCP,
PRFT,
PRFZ,
PRGN,
PRGS,
PRGX,
PRIM,
PRKR,
PRLS,
PRMW,
PROV,
PRPH,
PRSC,
PRSS,
PRTA,
PRTS,
PRXI,
PRXL,
PSAU,
PSBH,
PSCC,
PSCD,
PSCE,
PSCF,
PSCH,
PSCI,
PSCM,
PSCT,
PSCU,
PSDV,
PSEC,
PSEM,
PSIX,
PSMI,
PSMT,
PSTB,
PSTI,
PSTR,
PSUN,
PTCT,
PTEK,
PTEN,
PTIE,
PTIX,
PTLA,
PTNR,
PTNT,
PTRY,
PTSI,
PTSX,
PTX,
PULB,
PVFC,
PVTB,
PVTBP,
PWOD,
PWRD,
PWX,
PXLW,
PZZA,
PZZI,
QABA,
QADA,
QADB,
QBAK,
QCCO,
QCLN,
QCOM,
QCOR,
QCRH,
QDEL,
QGEN,
QIWI,
QKLS,
QLGC,
QLIK,
QLTI,
QLTY,
QLYS,
QNST,
QPACU,
QQEW,
QQQ,
QQQC,
QQQX,
QQXT,
QSII,
QTEC,
QTWW,
QUIK,
RADA,
RAIL,
RAND,
RAVN,
RBCAA,
RBCN,
RBPAA,
RCII,
RCKB,
RCKY,
RCMT,
RCON,
RCPT,
RDA,
RDCM,
RDEN,
RDHL,
RDI,
RDIB,
RDNT,
RDWR,
RECN,
RECV,
REDF,
REFR,
REGI,
REGN,
REIS,
RELL,
RELV,
REMY,
RENT,
REXI,
REXX,
RFIL,
RFMD,
RGCO,
RGDO,
RGDX,
RGEN,
RGLD,
RGLS,
RICK,
RIGL,
RIMG,
RITT,
RIVR,
RJET,
RLJE,
RLOC,
RLOG,
RMBS,
RMCF,
RMGN,
RMTI,
RNA,
RNET,
RNST,
RNWK,
ROCK,
ROCM,
ROIA,
ROIAK,
ROIC,
ROICU,
ROICW,
ROLL,
ROMA,
ROSE,
ROSG,
ROST,
ROVI,
ROYL,
RP,
RPRX,
RPRXW,
RPRXZ,
RPTP,
RPXC,
RRD,
RRGB,
RRST,
RSOL,
RSTI,
RSYS,
RTEC,
RTIX,
RTK,
RUE,
RUSHA,
RUSHB,
RUTH,
RVBD,
RVLT,
RVSB,
RYAAY,
SAAS,
SAEX,
SAFM,
SAFT,
SAIA,
SAL,
SALE,
SALM,
SAMG,
SANM,
SANW,
SANWZ,
SAPE,
SASR,
SATS,
SAVE,
SBAC,
SBBX,
SBCF,
SBFG,0.0
SBGI,0.075
SBLK,0.644
SBNY,-1.478
SBNYW,
SBRA,-0.647
SBRAP,
SBSA,
SBSI,-1.764
SBUX,-0.742
SCBT,
SCHL,-0.963
SCHN,
SCLN,
SCMP,
SCOK,
SCON,
SCOR,-6.205
SCSC,0.69
SCSS,
SCTY,
SCVL,0.719
SEAC,-25.0
SEED,-0.633
SEIC,0.752
SENEA,0.201
SENEB,0.0
SEV,0.0
SFBC,-0.024
SFLY,
SFM,-0.398
SFNC,-1.872
SFST,-0.482
SGC,0.468
SGEN,
SGI,
SGMA,-3.315
SGMO,0.0
SGMS,
SGNT,
SGOC,
SGRP,-0.444
SGYP,
SGYPW,
SHBI,-1.134
SHEN,-0.414
SHFL,
SHIP,0.273
SHLD,0.912
SHLM,
SHLO,
SHOO,-0.095
SHOR,
SHOS,
SHPG,
SIAL,
SIBC,
SIEB,1.163
SIFI,0.269
SIFY,-4.255
SIGA,-0.769
SIGI,-1.797
SIGM,
SILC,0.0
SIMG,
SIMO,0.654
SINA,
SINO,
SIRI,13.871
SIRO,
SIVB,
SIVBO,
SKBI,
SKUL,
SKYW,0.78
SKYY,0.155
SLAB,0.46
SLGN,0.167
SLM,-0.048
SLMAP,
SLMBP,0.196
SLP,-14.874
SLRC,0.939
SLTC,
SLTM,
SLVO,2.555
SLXP,
SMBC,-1.561
SMCI,1.174
SMED,
SMIT,8.667
SMMF,
SMPL,0.196
SMRT,0.0
SMSI,3.153
SMT,
SMTC,-1.555
SMTX,
SNAK,
SNBC,
SNCR,1.512
SNDK,
SNFCA,1.884
SNHY,
SNMX,
SNPS,-0.438
SNSS,
SNTA,
SNTS,
SOCB,
SOCL,0.807
SODA,
SOFO,0.0
SOHO,2.655
SOHU,2.157
SONA,
SONC,
SONS,
SORL,
SOXX,1.667
SPAN,
SPAR,
SPBC,0.414
SPCHA,
SPCHB,
SPEX,
SPHS,
SPIL,
SPLK,
SPLS,
SPNC,
SPNS,0.582
SPPI,
SPPR,
SPPRO,
SPPRP,
SPRD,
SPRO,1.533
SPRT,
SPSC,-1.199
SPTN,-1.042
SPU,
SPWR,10.288
SQI,
SQNM,
SQQQ,-2.411
SRCE,-2.486
SRCL,0.794
SRDX,0.024
SREV,
SRPT,-0.707
SSBI,0.548
SSFN,
SSH,
SSNC,0.464
SSRI,
SSYS,3.241
STAA,-3.167
STAN,
STB,
STBA,-1.765
STBZ,
STCK,
STEC,
STEI,
STEL,-2.067
STEM,2.703
STFC,
STKL,-2.742
STLD,-0.912
STLY,0.0
STML,
STMP,
STND,
STNR,
STRA,0.653
STRL,3.16
STRM,2.041
STRN,
STRS,-1.584
STRT,0.606
STRZA,
STRZB,
STSA,
STSI,
STX,-1.707
STXS,1.705
SUBK,
SUMR,
SUNS,
SUPN,0.931
SUPX,
SURG,-6.731
SUSQ,
SUTR,
SVA,0.0
SVBI,
SVNT,
SVVC,-12.5
SWHC,
SWIR,
SWKS,-2.178
SWSH,
SYBT,-2.358
SYBTP,
SYKE,
SYMC,
SYMM,
SYMX,
SYNA,0.72
SYNC,
SYNL,
SYNM,
SYNT,
SYPR,0.0
SYUT,
SZYM,
TACT,0.548
TAIT,0.0
TASR,
TAST,
TATT,-1.993
TAX,
TAXI,
TAYC,
TAYCO,
TAYCP,
TAYD,-2.835
TBAC,
TBBK,-1.945
TBNK,-1.498
TBOW,
TCBI,-1.866
TCBIL,
TCBIP,
TCBK,-2.856
TCCO,0.0
TCPC,-0.365
TCRD,
TDIV,0.835
TEAR,
TECD,
TECH,0.295
TECUA,
TECUB,
TELK,
TESO,
TESS,
TFCO,
TFM,
TFSL,-0.16
TGA,
TGE,
TGTX,2.622
THFF,-1.457
THLD,
THOR,
THRD,-2.369
THRM,-1.454
THRX,
THST,
THTI,
TIBX,
TICC,
TIGR,5.714
TILE,0.745
TINY,1.215
TIPT,-0.668
TISA,
TITN,1.192
TIVO,
TKMR,
TLAB,
TLF,1.136
TMNG,
TNAV,
TNGO,
TNXP,20.27
TOFC,
TOPS,0.272
TORM,2.439
TOWN,-1.054
TQNT,
TQQQ,2.457
TRAK,0.677
TRCB,
TREE,0.96
TRGT,
TRIB,5.419
TRIP,-0.846
TRIT,0.0
TRLG,
TRMB,-1.263
TRMK,-1.505
TRNS,-0.912
TRNX,
TROV,
TROVU,
TROVW,
TROW,1.021
TRS,-0.474
TRST,-1.254
TSBK,-2.028
TSC,
TSCO,-1.646
TSEM,0.305
TSLA,6.542
TSPT,
TSRA,
TSRE,
TSRI,0.041
TSRO,
TSRX,
TST,
TSYS,
TTEC,
TTEK,
TTGT,
TTHI,
TTMI,
TTPH,
TTS,
TTWO,
TUES,
TWER,
TWGP,
TWIN,
TWMC,
TWTC,
TXCC,
TXN,
TXRH,
TYPE,
TZOO,
UACL,
UBCP,
UBFO,
UBIC,
UBNK,
UBNT,
UBOH,
UBPS,
UBSH,
UBSI,
UCBA,
UCBI,
UCFC,
UCTT,
UEIC,
UEPS,
UFCS,
UFPI,
UFPT,
UG,
UHAL,
UIHC,
ULBI,
ULTA,
ULTI,
ULTR,
UMBF,
UMPQ,
UNAM,
UNB,
UNFI,
UNIS,
UNTD,
UNTK,
UNTY,
UNXL,
UPI,
UPIP,
URBN,
URRE,
USAK,
USAP,
USAT,
USATP,
USATZ,
USBI,
USCR,
USEG,
USLM,
USMD,
USMO,
USTR,
UTEK,
UTHR,
UTIW,
UTMD,
UTSI,
UVSP,
VALU,
VASC,
VBFC,
VCBI,
VCIT,
VCLK,
VCLT,
VCSH,
VDSI,
VECO,
VELT,
VGIT,
VGLT,
VGSH,
VIA,
VIAB,
VIAS,
VICL,
VICR,
VIDE,
VIFL,
VIMC,
VIRC,
VISN,
VITC,
VIVO,
VLCCF,
VLGEA,
VLTC,
VLTR,
VLYWW,
VMBS,
VNDA,
VNET,
VNQI,
VNR,
VNRAP,
VOCS,
VOD,
VOLC,
VONE,
VONG,
VONV,
VOXX,
VPFG,
VPHM,
VPRT,
VRA,
VRML,
VRNG,
VRNGW,
VRNM,
VRNT,
VRSK,
VRSN,
VRTA,
VRTB,
VRTS,
VRTU,
VRTX,
VSAT,
VSBN,
VSCI,
VSCP,
VSEC,
VSTM,
VTHR,
VTIP,
VTNC,
VTNR,
VTSS,
VTUS,
VTWG,
VTWO,
VTWV,
VVTV,
VVUS,
VWOB,
VXUS,
VYFC,
WABC,
WAFD,
WAFDW,
WASH,
WAVX,
WAYN,
WBB,
WBCO,
WBKC,
WBMD,
WCRX,
WDC,
WDFC,
WEBK,
WEN,
WERN,
WETF,
WEYS,
WFBI,
WFD,
WFM,
WHF,
WHFBL,
WHLR,
WIBC,
WIFI,
WILC,
WILN,
WIN,
WINA,
WIRE,
WLB,
WLBPZ,
WLDN,
WLFC,
WMAR,
WMGI,
WMGIZ,
WOOD,
WOOF,
WPCS,
WPPGY,
WPRT,
WRES,
WRLD,
WSBC,
WSBF,
WSCI,
WSFS,
WSFSL,
WSTC,
WSTG,
WSTL,
WTBA,
WTFC,
WTFCW,
WTSL,
WVFC,
WVVI,
WWD,
WWWW,
WYNN,
XBKS,
XGTI,
XGTIW,
XLNX,
XNPT,
XOMA,
XONE,
XOOM,
XPLR,
XRAY,
XRSC,
XRTX,
XTEX,
XTLB,
XTXI,
XWES,
XXIA,
YDKN,
YHOO,
YNDX,
YOD,
YONG,
YORW,
YRCW,
YY,
Z,
ZAGG,
ZAZA,
ZBRA,
ZEUS,
ZGNX,
ZHNE,
ZIGO,
ZINC,
ZION,
ZIONW,
ZIOP,
ZIPR,
ZIXI,
ZLCS,
ZLTQ,
ZN,
ZNGA,
ZOLT,
ZOOM,
ZUMZ,
